[
{
  "model": "auth.permission",
  "pk": 1,
  "fields": {
    "name": "Can add log entry",
    "content_type": 1,
    "codename": "add_logentry"
  }
},
{
  "model": "auth.permission",
  "pk": 2,
  "fields": {
    "name": "Can change log entry",
    "content_type": 1,
    "codename": "change_logentry"
  }
},
{
  "model": "auth.permission",
  "pk": 3,
  "fields": {
    "name": "Can delete log entry",
    "content_type": 1,
    "codename": "delete_logentry"
  }
},
{
  "model": "auth.permission",
  "pk": 4,
  "fields": {
    "name": "Can view log entry",
    "content_type": 1,
    "codename": "view_logentry"
  }
},
{
  "model": "auth.permission",
  "pk": 5,
  "fields": {
    "name": "Can add permission",
    "content_type": 2,
    "codename": "add_permission"
  }
},
{
  "model": "auth.permission",
  "pk": 6,
  "fields": {
    "name": "Can change permission",
    "content_type": 2,
    "codename": "change_permission"
  }
},
{
  "model": "auth.permission",
  "pk": 7,
  "fields": {
    "name": "Can delete permission",
    "content_type": 2,
    "codename": "delete_permission"
  }
},
{
  "model": "auth.permission",
  "pk": 8,
  "fields": {
    "name": "Can view permission",
    "content_type": 2,
    "codename": "view_permission"
  }
},
{
  "model": "auth.permission",
  "pk": 9,
  "fields": {
    "name": "Can add group",
    "content_type": 3,
    "codename": "add_group"
  }
},
{
  "model": "auth.permission",
  "pk": 10,
  "fields": {
    "name": "Can change group",
    "content_type": 3,
    "codename": "change_group"
  }
},
{
  "model": "auth.permission",
  "pk": 11,
  "fields": {
    "name": "Can delete group",
    "content_type": 3,
    "codename": "delete_group"
  }
},
{
  "model": "auth.permission",
  "pk": 12,
  "fields": {
    "name": "Can view group",
    "content_type": 3,
    "codename": "view_group"
  }
},
{
  "model": "auth.permission",
  "pk": 13,
  "fields": {
    "name": "Can add content type",
    "content_type": 4,
    "codename": "add_contenttype"
  }
},
{
  "model": "auth.permission",
  "pk": 14,
  "fields": {
    "name": "Can change content type",
    "content_type": 4,
    "codename": "change_contenttype"
  }
},
{
  "model": "auth.permission",
  "pk": 15,
  "fields": {
    "name": "Can delete content type",
    "content_type": 4,
    "codename": "delete_contenttype"
  }
},
{
  "model": "auth.permission",
  "pk": 16,
  "fields": {
    "name": "Can view content type",
    "content_type": 4,
    "codename": "view_contenttype"
  }
},
{
  "model": "auth.permission",
  "pk": 17,
  "fields": {
    "name": "Can add session",
    "content_type": 5,
    "codename": "add_session"
  }
},
{
  "model": "auth.permission",
  "pk": 18,
  "fields": {
    "name": "Can change session",
    "content_type": 5,
    "codename": "change_session"
  }
},
{
  "model": "auth.permission",
  "pk": 19,
  "fields": {
    "name": "Can delete session",
    "content_type": 5,
    "codename": "delete_session"
  }
},
{
  "model": "auth.permission",
  "pk": 20,
  "fields": {
    "name": "Can view session",
    "content_type": 5,
    "codename": "view_session"
  }
},
{
  "model": "auth.permission",
  "pk": 21,
  "fields": {
    "name": "Can add airplane type",
    "content_type": 6,
    "codename": "add_airplanetype"
  }
},
{
  "model": "auth.permission",
  "pk": 22,
  "fields": {
    "name": "Can change airplane type",
    "content_type": 6,
    "codename": "change_airplanetype"
  }
},
{
  "model": "auth.permission",
  "pk": 23,
  "fields": {
    "name": "Can delete airplane type",
    "content_type": 6,
    "codename": "delete_airplanetype"
  }
},
{
  "model": "auth.permission",
  "pk": 24,
  "fields": {
    "name": "Can view airplane type",
    "content_type": 6,
    "codename": "view_airplanetype"
  }
},
{
  "model": "auth.permission",
  "pk": 25,
  "fields": {
    "name": "Can add airport",
    "content_type": 7,
    "codename": "add_airport"
  }
},
{
  "model": "auth.permission",
  "pk": 26,
  "fields": {
    "name": "Can change airport",
    "content_type": 7,
    "codename": "change_airport"
  }
},
{
  "model": "auth.permission",
  "pk": 27,
  "fields": {
    "name": "Can delete airport",
    "content_type": 7,
    "codename": "delete_airport"
  }
},
{
  "model": "auth.permission",
  "pk": 28,
  "fields": {
    "name": "Can view airport",
    "content_type": 7,
    "codename": "view_airport"
  }
},
{
  "model": "auth.permission",
  "pk": 29,
  "fields": {
    "name": "Can add crew",
    "content_type": 8,
    "codename": "add_crew"
  }
},
{
  "model": "auth.permission",
  "pk": 30,
  "fields": {
    "name": "Can change crew",
    "content_type": 8,
    "codename": "change_crew"
  }
},
{
  "model": "auth.permission",
  "pk": 31,
  "fields": {
    "name": "Can delete crew",
    "content_type": 8,
    "codename": "delete_crew"
  }
},
{
  "model": "auth.permission",
  "pk": 32,
  "fields": {
    "name": "Can view crew",
    "content_type": 8,
    "codename": "view_crew"
  }
},
{
  "model": "auth.permission",
  "pk": 33,
  "fields": {
    "name": "Can add order",
    "content_type": 9,
    "codename": "add_order"
  }
},
{
  "model": "auth.permission",
  "pk": 34,
  "fields": {
    "name": "Can change order",
    "content_type": 9,
    "codename": "change_order"
  }
},
{
  "model": "auth.permission",
  "pk": 35,
  "fields": {
    "name": "Can delete order",
    "content_type": 9,
    "codename": "delete_order"
  }
},
{
  "model": "auth.permission",
  "pk": 36,
  "fields": {
    "name": "Can view order",
    "content_type": 9,
    "codename": "view_order"
  }
},
{
  "model": "auth.permission",
  "pk": 37,
  "fields": {
    "name": "Can add route",
    "content_type": 10,
    "codename": "add_route"
  }
},
{
  "model": "auth.permission",
  "pk": 38,
  "fields": {
    "name": "Can change route",
    "content_type": 10,
    "codename": "change_route"
  }
},
{
  "model": "auth.permission",
  "pk": 39,
  "fields": {
    "name": "Can delete route",
    "content_type": 10,
    "codename": "delete_route"
  }
},
{
  "model": "auth.permission",
  "pk": 40,
  "fields": {
    "name": "Can view route",
    "content_type": 10,
    "codename": "view_route"
  }
},
{
  "model": "auth.permission",
  "pk": 41,
  "fields": {
    "name": "Can add ticket",
    "content_type": 11,
    "codename": "add_ticket"
  }
},
{
  "model": "auth.permission",
  "pk": 42,
  "fields": {
    "name": "Can change ticket",
    "content_type": 11,
    "codename": "change_ticket"
  }
},
{
  "model": "auth.permission",
  "pk": 43,
  "fields": {
    "name": "Can delete ticket",
    "content_type": 11,
    "codename": "delete_ticket"
  }
},
{
  "model": "auth.permission",
  "pk": 44,
  "fields": {
    "name": "Can view ticket",
    "content_type": 11,
    "codename": "view_ticket"
  }
},
{
  "model": "auth.permission",
  "pk": 45,
  "fields": {
    "name": "Can add airplane",
    "content_type": 12,
    "codename": "add_airplane"
  }
},
{
  "model": "auth.permission",
  "pk": 46,
  "fields": {
    "name": "Can change airplane",
    "content_type": 12,
    "codename": "change_airplane"
  }
},
{
  "model": "auth.permission",
  "pk": 47,
  "fields": {
    "name": "Can delete airplane",
    "content_type": 12,
    "codename": "delete_airplane"
  }
},
{
  "model": "auth.permission",
  "pk": 48,
  "fields": {
    "name": "Can view airplane",
    "content_type": 12,
    "codename": "view_airplane"
  }
},
{
  "model": "auth.permission",
  "pk": 49,
  "fields": {
    "name": "Can add flight",
    "content_type": 13,
    "codename": "add_flight"
  }
},
{
  "model": "auth.permission",
  "pk": 50,
  "fields": {
    "name": "Can change flight",
    "content_type": 13,
    "codename": "change_flight"
  }
},
{
  "model": "auth.permission",
  "pk": 51,
  "fields": {
    "name": "Can delete flight",
    "content_type": 13,
    "codename": "delete_flight"
  }
},
{
  "model": "auth.permission",
  "pk": 52,
  "fields": {
    "name": "Can view flight",
    "content_type": 13,
    "codename": "view_flight"
  }
},
{
  "model": "auth.permission",
  "pk": 53,
  "fields": {
    "name": "Can add user",
    "content_type": 14,
    "codename": "add_user"
  }
},
{
  "model": "auth.permission",
  "pk": 54,
  "fields": {
    "name": "Can change user",
    "content_type": 14,
    "codename": "change_user"
  }
},
{
  "model": "auth.permission",
  "pk": 55,
  "fields": {
    "name": "Can delete user",
    "content_type": 14,
    "codename": "delete_user"
  }
},
{
  "model": "auth.permission",
  "pk": 56,
  "fields": {
    "name": "Can view user",
    "content_type": 14,
    "codename": "view_user"
  }
},
{
  "model": "auth.permission",
  "pk": 57,
  "fields": {
    "name": "Can add Token",
    "content_type": 15,
    "codename": "add_token"
  }
},
{
  "model": "auth.permission",
  "pk": 58,
  "fields": {
    "name": "Can change Token",
    "content_type": 15,
    "codename": "change_token"
  }
},
{
  "model": "auth.permission",
  "pk": 59,
  "fields": {
    "name": "Can delete Token",
    "content_type": 15,
    "codename": "delete_token"
  }
},
{
  "model": "auth.permission",
  "pk": 60,
  "fields": {
    "name": "Can view Token",
    "content_type": 15,
    "codename": "view_token"
  }
},
{
  "model": "auth.permission",
  "pk": 61,
  "fields": {
    "name": "Can add Token",
    "content_type": 16,
    "codename": "add_tokenproxy"
  }
},
{
  "model": "auth.permission",
  "pk": 62,
  "fields": {
    "name": "Can change Token",
    "content_type": 16,
    "codename": "change_tokenproxy"
  }
},
{
  "model": "auth.permission",
  "pk": 63,
  "fields": {
    "name": "Can delete Token",
    "content_type": 16,
    "codename": "delete_tokenproxy"
  }
},
{
  "model": "auth.permission",
  "pk": 64,
  "fields": {
    "name": "Can view Token",
    "content_type": 16,
    "codename": "view_tokenproxy"
  }
},
{
  "model": "contenttypes.contenttype",
  "pk": 1,
  "fields": {
    "app_label": "admin",
    "model": "logentry"
  }
},
{
  "model": "contenttypes.contenttype",
  "pk": 2,
  "fields": {
    "app_label": "auth",
    "model": "permission"
  }
},
{
  "model": "contenttypes.contenttype",
  "pk": 3,
  "fields": {
    "app_label": "auth",
    "model": "group"
  }
},
{
  "model": "contenttypes.contenttype",
  "pk": 4,
  "fields": {
    "app_label": "contenttypes",
    "model": "contenttype"
  }
},
{
  "model": "contenttypes.contenttype",
  "pk": 5,
  "fields": {
    "app_label": "sessions",
    "model": "session"
  }
},
{
  "model": "contenttypes.contenttype",
  "pk": 6,
  "fields": {
    "app_label": "airport",
    "model": "airplanetype"
  }
},
{
  "model": "contenttypes.contenttype",
  "pk": 7,
  "fields": {
    "app_label": "airport",
    "model": "airport"
  }
},
{
  "model": "contenttypes.contenttype",
  "pk": 8,
  "fields": {
    "app_label": "airport",
    "model": "crew"
  }
},
{
  "model": "contenttypes.contenttype",
  "pk": 9,
  "fields": {
    "app_label": "airport",
    "model": "order"
  }
},
{
  "model": "contenttypes.contenttype",
  "pk": 10,
  "fields": {
    "app_label": "airport",
    "model": "route"
  }
},
{
  "model": "contenttypes.contenttype",
  "pk": 11,
  "fields": {
    "app_label": "airport",
    "model": "ticket"
  }
},
{
  "model": "contenttypes.contenttype",
  "pk": 12,
  "fields": {
    "app_label": "airport",
    "model": "airplane"
  }
},
{
  "model": "contenttypes.contenttype",
  "pk": 13,
  "fields": {
    "app_label": "airport",
    "model": "flight"
  }
},
{
  "model": "contenttypes.contenttype",
  "pk": 14,
  "fields": {
    "app_label": "customer",
    "model": "user"
  }
},
{
  "model": "contenttypes.contenttype",
  "pk": 15,
  "fields": {
    "app_label": "authtoken",
    "model": "token"
  }
},
{
  "model": "contenttypes.contenttype",
  "pk": 16,
  "fields": {
    "app_label": "authtoken",
    "model": "tokenproxy"
  }
},
{
  "model": "sessions.session",
  "pk": "3zj6uab6y97eu0gswc5koycn7fr7hm0i",
  "fields": {
    "session_data": ".eJxVjEEOwiAQRe_C2pDCgIBL956BMMwgVUOT0q6Md7dNutDtf-_9t4hpXWpcO89xJHERWpx-N0z5yW0H9EjtPsk8tWUeUe6KPGiXt4n4dT3cv4Oaet1qF2wixmytNqTg7J3ODAEBs8Gsiicc2LECW4AplEF7XbgYZgd2s8XnC_qPOHc:1uVTiv:-Udp3A7MNPJmJOr-rESADKSx1xeAXXYhTulFzH5FfBI",
    "expire_date": "2025-07-12T11:27:57.643Z"
  }
},
{
  "model": "airport.airport",
  "pk": 1,
  "fields": {
    "name": "Boryspil International Airport",
    "closest_big_city": "Kyiv"
  }
},
{
  "model": "airport.airport",
  "pk": 2,
  "fields": {
    "name": "Lviv Danylo Halytskyi International Airport",
    "closest_big_city": "Lviv"
  }
},
{
  "model": "airport.airport",
  "pk": 3,
  "fields": {
    "name": "Warsaw Chopin Airport",
    "closest_big_city": "Warsaw"
  }
},
{
  "model": "airport.airport",
  "pk": 4,
  "fields": {
    "name": "Berlin Brandenburg Airport",
    "closest_big_city": "Berlin"
  }
},
{
  "model": "airport.airport",
  "pk": 5,
  "fields": {
    "name": "Paris Charles de Gaulle Airport",
    "closest_big_city": "Paris"
  }
},
{
  "model": "airport.airport",
  "pk": 6,
  "fields": {
    "name": "London Heathrow Airport",
    "closest_big_city": "London"
  }
},
{
  "model": "airport.route",
  "pk": 1,
  "fields": {
    "source": 1,
    "destination": 2,
    "distance": 470
  }
},
{
  "model": "airport.route",
  "pk": 2,
  "fields": {
    "source": 1,
    "destination": 3,
    "distance": 700
  }
},
{
  "model": "airport.route",
  "pk": 3,
  "fields": {
    "source": 2,
    "destination": 4,
    "distance": 900
  }
},
{
  "model": "airport.route",
  "pk": 4,
  "fields": {
    "source": 3,
    "destination": 5,
    "distance": 1200
  }
},
{
  "model": "airport.route",
  "pk": 5,
  "fields": {
    "source": 4,
    "destination": 6,
    "distance": 950
  }
},
{
  "model": "airport.crew",
  "pk": 1,
  "fields": {
    "first_name": "Ivan",
    "last_name": "Petrov"
  }
},
{
  "model": "airport.crew",
  "pk": 2,
  "fields": {
    "first_name": "Maria",
    "last_name": "Sydorenko"
  }
},
{
  "model": "airport.crew",
  "pk": 3,
  "fields": {
    "first_name": "Oleksiy",
    "last_name": "Kovalenko"
  }
},
{
  "model": "airport.crew",
  "pk": 4,
  "fields": {
    "first_name": "Anna",
    "last_name": "Melnyk"
  }
},
{
  "model": "airport.crew",
  "pk": 5,
  "fields": {
    "first_name": "Dmytro",
    "last_name": "Shevchenko"
  }
},
{
  "model": "airport.airplanetype",
  "pk": 1,
  "fields": {
    "name": "Boeing 737",
    "image": "uploads/movies/boeing-737-132d6f44-213d-40cf-acd3-56f37a049cde.jpg"
  }
},
{
  "model": "airport.airplanetype",
  "pk": 2,
  "fields": {
    "name": "Airbus A320",
    "image": ""
  }
},
{
  "model": "airport.airplanetype",
  "pk": 3,
  "fields": {
    "name": "Embraer 190",
    "image": ""
  }
},
{
  "model": "airport.airplanetype",
  "pk": 4,
  "fields": {
    "name": "Boeing 787 Dreamliner",
    "image": ""
  }
},
{
  "model": "airport.airplane",
  "pk": 1,
  "fields": {
    "name": "UR-BAA",
    "rows": 30,
    "seats_in_row": 6,
    "airplane_type": 1
  }
},
{
  "model": "airport.airplane",
  "pk": 2,
  "fields": {
    "name": "UR-BAB",
    "rows": 28,
    "seats_in_row": 6,
    "airplane_type": 2
  }
},
{
  "model": "airport.airplane",
  "pk": 3,
  "fields": {
    "name": "UR-BAC",
    "rows": 20,
    "seats_in_row": 4,
    "airplane_type": 3
  }
},
{
  "model": "airport.airplane",
  "pk": 4,
  "fields": {
    "name": "UR-BAD",
    "rows": 50,
    "seats_in_row": 9,
    "airplane_type": 4
  }
},
{
  "model": "airport.flight",
  "pk": 1,
  "fields": {
    "route": 1,
    "airplane": 1,
    "departure_time": "2025-07-03T18:52:13.233Z",
    "arrival_time": "2025-07-03T20:22:13.233Z",
    "crew": [
      1,
      2,
      3
    ]
  }
},
{
  "model": "airport.flight",
  "pk": 2,
  "fields": {
    "route": 2,
    "airplane": 2,
    "departure_time": "2025-07-03T22:52:13.233Z",
    "arrival_time": "2025-07-04T00:37:13.233Z",
    "crew": [
      1,
      4
    ]
  }
},
{
  "model": "airport.flight",
  "pk": 3,
  "fields": {
    "route": 3,
    "airplane": 3,
    "departure_time": "2025-07-04T16:52:13.233Z",
    "arrival_time": "2025-07-04T18:22:13.233Z",
    "crew": [
      5
    ]
  }
},
{
  "model": "airport.flight",
  "pk": 4,
  "fields": {
    "route": 4,
    "airplane": 2,
    "departure_time": "2025-07-06T02:52:13.233Z",
    "arrival_time": "2025-07-06T05:22:13.233Z",
    "crew": [
      2,
      3
    ]
  }
},
{
  "model": "airport.flight",
  "pk": 5,
  "fields": {
    "route": 5,
    "airplane": 1,
    "departure_time": "2025-07-06T17:52:13.233Z",
    "arrival_time": "2025-07-06T19:07:13.233Z",
    "crew": [
      4,
      5
    ]
  }
},
{
  "model": "airport.flight",
  "pk": 6,
  "fields": {
    "route": 1,
    "airplane": 1,
    "departure_time": "2025-07-03T20:47:51.169Z",
    "arrival_time": "2025-07-03T22:17:51.169Z",
    "crew": [
      1,
      2,
      3
    ]
  }
},
{
  "model": "airport.flight",
  "pk": 7,
  "fields": {
    "route": 2,
    "airplane": 2,
    "departure_time": "2025-07-04T00:47:51.169Z",
    "arrival_time": "2025-07-04T02:32:51.169Z",
    "crew": [
      1,
      4
    ]
  }
},
{
  "model": "airport.flight",
  "pk": 8,
  "fields": {
    "route": 3,
    "airplane": 3,
    "departure_time": "2025-07-04T18:47:51.169Z",
    "arrival_time": "2025-07-04T20:17:51.169Z",
    "crew": [
      5
    ]
  }
},
{
  "model": "airport.flight",
  "pk": 9,
  "fields": {
    "route": 4,
    "airplane": 2,
    "departure_time": "2025-07-06T04:47:51.169Z",
    "arrival_time": "2025-07-06T07:17:51.169Z",
    "crew": [
      2,
      3
    ]
  }
},
{
  "model": "airport.flight",
  "pk": 10,
  "fields": {
    "route": 5,
    "airplane": 1,
    "departure_time": "2025-07-06T19:47:51.169Z",
    "arrival_time": "2025-07-06T21:02:51.169Z",
    "crew": [
      4,
      5
    ]
  }
},
{
  "model": "airport.order",
  "pk": 1,
  "fields": {
    "created_at": "2025-06-28T08:52:13.435Z",
    "customer": 1
  }
},
{
  "model": "airport.order",
  "pk": 2,
  "fields": {
    "created_at": "2025-06-28T08:52:13.448Z",
    "customer": 1
  }
},
{
  "model": "airport.order",
  "pk": 3,
  "fields": {
    "created_at": "2025-06-28T08:52:13.460Z",
    "customer": 1
  }
},
{
  "model": "airport.order",
  "pk": 4,
  "fields": {
    "created_at": "2025-06-28T10:47:51.278Z",
    "customer": 1
  }
},
{
  "model": "airport.order",
  "pk": 5,
  "fields": {
    "created_at": "2025-06-28T10:47:51.283Z",
    "customer": 1
  }
},
{
  "model": "airport.order",
  "pk": 6,
  "fields": {
    "created_at": "2025-06-28T10:47:51.288Z",
    "customer": 1
  }
},
{
  "model": "airport.ticket",
  "pk": 1,
  "fields": {
    "row": 1,
    "seat": 1,
    "flight": 1,
    "order": 1
  }
},
{
  "model": "airport.ticket",
  "pk": 2,
  "fields": {
    "row": 1,
    "seat": 2,
    "flight": 1,
    "order": 1
  }
},
{
  "model": "airport.ticket",
  "pk": 3,
  "fields": {
    "row": 2,
    "seat": 1,
    "flight": 1,
    "order": 2
  }
},
{
  "model": "airport.ticket",
  "pk": 4,
  "fields": {
    "row": 2,
    "seat": 2,
    "flight": 1,
    "order": 2
  }
},
{
  "model": "airport.ticket",
  "pk": 5,
  "fields": {
    "row": 5,
    "seat": 3,
    "flight": 2,
    "order": 2
  }
},
{
  "model": "airport.ticket",
  "pk": 6,
  "fields": {
    "row": 5,
    "seat": 4,
    "flight": 2,
    "order": 2
  }
},
{
  "model": "airport.ticket",
  "pk": 7,
  "fields": {
    "row": 6,
    "seat": 1,
    "flight": 2,
    "order": 2
  }
},
{
  "model": "airport.ticket",
  "pk": 8,
  "fields": {
    "row": 10,
    "seat": 1,
    "flight": 3,
    "order": 3
  }
},
{
  "model": "airport.ticket",
  "pk": 9,
  "fields": {
    "row": 10,
    "seat": 2,
    "flight": 3,
    "order": 3
  }
},
{
  "model": "airport.ticket",
  "pk": 10,
  "fields": {
    "row": 11,
    "seat": 3,
    "flight": 3,
    "order": 3
  }
},
{
  "model": "airport.ticket",
  "pk": 11,
  "fields": {
    "row": 3,
    "seat": 5,
    "flight": 4,
    "order": 1
  }
},
{
  "model": "airport.ticket",
  "pk": 12,
  "fields": {
    "row": 7,
    "seat": 6,
    "flight": 5,
    "order": 2
  }
},
{
  "model": "airport.ticket",
  "pk": 13,
  "fields": {
    "row": 1,
    "seat": 1,
    "flight": 6,
    "order": 4
  }
},
{
  "model": "airport.ticket",
  "pk": 14,
  "fields": {
    "row": 1,
    "seat": 2,
    "flight": 6,
    "order": 4
  }
},
{
  "model": "airport.ticket",
  "pk": 15,
  "fields": {
    "row": 2,
    "seat": 1,
    "flight": 6,
    "order": 5
  }
},
{
  "model": "airport.ticket",
  "pk": 16,
  "fields": {
    "row": 2,
    "seat": 2,
    "flight": 6,
    "order": 5
  }
},
{
  "model": "airport.ticket",
  "pk": 17,
  "fields": {
    "row": 5,
    "seat": 3,
    "flight": 7,
    "order": 5
  }
},
{
  "model": "airport.ticket",
  "pk": 18,
  "fields": {
    "row": 5,
    "seat": 4,
    "flight": 7,
    "order": 5
  }
},
{
  "model": "airport.ticket",
  "pk": 19,
  "fields": {
    "row": 6,
    "seat": 1,
    "flight": 7,
    "order": 5
  }
},
{
  "model": "airport.ticket",
  "pk": 20,
  "fields": {
    "row": 10,
    "seat": 1,
    "flight": 8,
    "order": 6
  }
},
{
  "model": "airport.ticket",
  "pk": 21,
  "fields": {
    "row": 10,
    "seat": 2,
    "flight": 8,
    "order": 6
  }
},
{
  "model": "airport.ticket",
  "pk": 22,
  "fields": {
    "row": 11,
    "seat": 3,
    "flight": 8,
    "order": 6
  }
},
{
  "model": "airport.ticket",
  "pk": 23,
  "fields": {
    "row": 3,
    "seat": 5,
    "flight": 9,
    "order": 4
  }
},
{
  "model": "airport.ticket",
  "pk": 24,
  "fields": {
    "row": 7,
    "seat": 6,
    "flight": 10,
    "order": 5
  }
},
{
  "model": "customer.user",
  "pk": 1,
  "fields": {
    "password": "pbkdf2_sha256$870000$pacBQu4nOQAEOltjjhvtv7$SWG3/h2sRUQYPY8tNTss9vDFiRLeaGzwDUcG7j2pmlk=",
    "last_login": null,
    "is_superuser": true,
    "first_name": "",
    "last_name": "",
    "is_staff": true,
    "is_active": true,
    "date_joined": "2025-06-28T08:52:12.042Z",
    "email": "admin@example.com",
    "groups": [],
    "user_permissions": []
  }
},
{
  "model": "customer.user",
  "pk": 2,
  "fields": {
    "password": "pbkdf2_sha256$870000$1SJ95XaOu744ATAo9PEcL1$1zRixgw+srfCsmvhxhPpO0kbThFcDJNm0zYZuP2GeGk=",
    "last_login": "2025-06-28T11:27:57.553Z",
    "is_superuser": true,
    "first_name": "",
    "last_name": "",
    "is_staff": true,
    "is_active": true,
    "date_joined": "2025-06-28T11:27:17.839Z",
    "email": "admin@gmail.com",
    "groups": [],
    "user_permissions": []
  }
},
{
  "model": "customer.user",
  "pk": 3,
  "fields": {
    "password": "pbkdf2_sha256$870000$Jr0H7tmmpipgsuZaXa8yUh$GDcYZN5ealL4r7DSKQpYwFmGiSDQfCO9b0oaacFPfTI=",
    "last_login": null,
    "is_superuser": false,
    "first_name": "",
    "last_name": "",
    "is_staff": false,
    "is_active": true,
    "date_joined": "2025-06-28T17:01:17.340Z",
    "email": "tester@gmail.com",
    "groups": [],
    "user_permissions": []
  }
}
]
